ID,RT
1,8.58158090134307
2,10.315924965040418
3,6.02795189807683
4,17.89858837134643
5,9.451563960155022
6,6.740732184891795
7,3.068063584563138
8,6.317264023919796
9,3.539750694346291
10,3.775303611343115
11,5.251790713782165
12,5.441137088563558
13,2.214498386040955
14,4.548632056953386
15,10.316765212858838
16,4.051138190798068
17,6.372145039165383
18,9.53434074929147
19,11.96454971128804
20,10.983532077491228
21,4.523466458365532
22,5.466074084114861
23,3.85917727403211
24,6.398082152152744
25,19.885414549410648
26,8.896608900087626
27,9.096078304307033
28,6.744164970643494
29,11.664383296715624
30,4.124637247459056
31,9.081139675549917
32,6.989294296901217
33,10.464853050108143
34,3.324777170523895
35,8.103556452725602
36,4.10019361188148
37,7.633464690484258
38,11.639806195175385
39,5.74963455852095
40,9.8439098998528
41,7.633290020626844
42,3.636273735745276
43,10.238525817568492
44,5.032004232925576
45,5.784063341068036
46,5.3630620486363725
47,5.8177360894425965
48,2.4349385312498097
49,3.1848735078301535
50,7.873798562478279
51,10.56681624225005
52,4.8968540010310075
53,3.35058124739702
54,3.385591944141666
55,20.46599963176739
56,8.619591505476334
57,8.162583268899702
58,7.77583380303924
59,3.128511443439599
60,11.356372003269966
61,11.233114082735355
62,2.9439177490104895
63,4.361865933944911
64,9.842118630894916
65,14.39679684662892
66,6.50726106133672
67,12.918696131516011
68,9.981266342952622
69,4.382959102364795
70,7.742602974643643
71,3.1989583642532535
72,2.890186432552182
73,6.414075591771468
74,6.309298283206799
75,1.4639536484064195
76,8.13345841799395
77,12.301739961987037
78,6.099598407648499
79,9.476653327287352
80,11.178447657081623
81,3.7429512508904743
82,8.29431119505511
83,6.1031967320729175
84,7.829219916775792
85,3.8142822211270597
86,6.465790839667798
87,5.16479378778933
88,3.6075648728462633
89,5.372920504944324
90,5.538146423666572
91,5.908810630291749
92,10.238000957974647
93,6.52721263287471
94,4.254441274740948
95,4.735301624163587
96,5.43122892666656
97,1.2515225241365473
98,8.928014001023374
99,6.5881819213792125
100,14.308129107117207
101,4.529061944398664
102,11.424855426609195
103,8.20481050437609
104,4.412920050792394
105,7.623267992940422
106,5.730231768054407
107,7.960754926154864
108,9.95299268681431
109,5.162628813136271
110,4.835853319946779
111,5.498505322442302
112,8.695656773767123
113,4.572012538176504
114,3.917331636756785
115,6.685066007280891
116,9.17671061846302
117,12.235563919814982
118,6.291073558073083
119,6.151942321394485
120,8.684597991626013
121,6.020321559621544
122,1.9331988616797302
123,7.761812199944069
124,3.989554947525926
125,13.987040108949435
126,5.952311268242168
127,3.423943431459535
128,21.112835955739637
129,7.209517356919731
130,12.399375200826558
131,5.476773046258335
132,9.618351608588927
133,4.935867817839619
134,4.073248288748624
135,3.3404078804243165
136,7.078834293167369
137,10.464503796606277
138,10.598762430207689
139,6.888161662515608
140,10.079787403695617
141,2.213748885401666
142,10.557961722004453
143,6.022003506352304
144,6.110588098479579
145,7.135670365597889
146,8.092806949275143
147,6.018500089066015
148,6.610720703330121
149,17.53928504570788
150,4.586786953870097
151,3.7929636452405333
152,2.332496516008287
153,3.204066726357663
154,10.425205118093508
155,1.687257652438962
156,5.048032959214202
157,9.476820546007785
158,4.515727600706434
159,5.801366555394665
160,9.333058527007486
161,10.532556417846196
162,4.133166393730013
163,6.7988677040452155
164,16.319056985382787
165,2.6739585046336027
166,18.332534302477544
167,3.4525516646975807
168,8.40035914912512
169,3.312592767047691
170,4.153649278301393
171,4.385690915525441
172,8.419870791862937
173,6.100425146963657
174,6.3080151734795535
175,4.967354488312882
176,4.482564608460188
177,8.580754318567154
178,7.534999443857524
179,9.41702999698233
180,4.330056954715315
181,9.083561926877687
182,2.9278704094671593
183,11.05975439119218
184,3.2173684913550886
185,3.3526000158611478
186,6.717365548176345
187,4.3314368788957935
188,6.3631618346425025
189,3.85407615132876
190,8.148767873014384
191,10.06627178277017
192,4.854075485491679
193,10.123835253318425
194,5.571736828818708
195,3.2435406512684786
196,18.549082943859208
197,10.748052819993577
198,3.6805472781537207
199,3.622876003766502
200,4.627468928070446
201,6.7170526371194486
202,17.348277448706867
203,5.015365844127857
204,5.635378398354104
205,7.454689821251007
206,6.987276045236163
207,3.4298705579781203
208,7.499285388120928
209,8.08199551036091
210,5.471589546337558
211,3.2429589647229977
212,5.874493919138231
213,20.67609526258002
214,16.389773221195146
215,3.2845519886532126
216,6.329190361077878
217,10.478451417247555
218,5.893366480003981
219,15.572611426141192
220,3.357606860393114
221,7.516542631928937
222,11.533474612087517
223,21.087884256802447
224,4.618640097973793
225,5.0851437068965355
226,4.280719634446329
227,4.6763134198690715
228,11.44954697847252
229,4.854075485491679
230,6.655661858793334
231,3.6985504184342393
232,10.886147250534847
233,5.043471273647479
234,9.335820662542792
235,4.019220789975661
236,3.543013424180911
237,4.559965280602041
238,10.385711185924603
239,6.075520749282976
240,6.800299937539014
241,10.331758054753637
242,4.179519386865195
243,4.900503813994445
244,19.065114034236498
245,9.420954811325487
246,9.446207543405645
247,10.781831629053634
248,5.278643338300937
249,2.6648957662901833
250,7.596596030350383
251,5.984083062690524
252,3.4557738811008547
253,2.1768811301977977
254,18.196626275250136
255,4.3520094405591365
256,4.3236950088142905
257,6.444118024415689
258,4.714209770249793
259,5.8417351010243665
260,3.3934776551267243
261,4.176859993503986
262,10.304433535506373
263,5.353393082237419
264,9.446207543405645
265,5.795105588388539
266,2.964675266864961
267,3.342082321728819
268,3.9089484697504764
269,4.787724159175795
270,14.090997353799288
271,12.418904056570131
272,4.189800866899707
273,7.320269484750849
274,3.300654785736316
275,16.42118050880268
276,5.185806254711832
277,5.959909342389129
278,9.302672990604234
279,5.848414182519617
280,4.761237364751052
281,3.850496563732026
282,7.285107496482761
283,7.653601563274412
284,8.24374546915622
285,5.484074402424502
286,1.570581650551586
287,7.335319725959959
288,5.3384243915572505
289,6.68144096094014
290,2.5080201915076263
291,2.795703314962416
292,10.71639024082821
293,6.562498169124913
294,7.845790290515054
295,8.560223238679104
296,7.517479779085037
297,13.788151708633842
298,8.084179313176396
299,1.543377663631874
300,4.796142298486809
301,7.936922268749919
302,20.07523324027567
303,4.93120931096589
304,11.931122206658316
305,12.267748227302473
306,10.3831931469627
307,6.594731412093479
308,3.416153726163034
309,6.526522045271591
310,5.566329806683212
311,3.837774679786903
312,4.722181354506601
313,8.1825529287754
314,7.8837947009503075
315,16.501753498643033
316,8.566133953308006
317,3.9516335196208034
318,3.3797154520514257
319,4.148735646979138
320,4.792093613441702
321,7.929446445253016
322,7.158249055178972
323,17.008071667697628
324,8.771289617852657
325,11.027619751613733
326,10.557809344980578
327,3.4340005485840757
328,6.065936225911498
329,7.580447628248006
330,3.9572359922428038
331,2.6789891186694557
332,9.94993193956744
333,4.2458265901921255
334,5.301309852341466
335,4.409740336559033
336,19.758843999819476
337,7.8191571485734475
338,7.396421625528771
339,5.375865103726782
340,3.244148961988941
341,3.645420245094623
342,7.100884617895955
343,10.380638549001814
344,13.641718265714912
345,6.496226182218942
346,5.747979046963996
347,2.557235684272775
348,4.79055171692352
349,11.727762618549383
350,9.72262778514432
351,8.209891307608062
352,18.665869937156017
353,18.605279045304542
354,5.670549715695251
355,11.555281502042229
356,12.574031790651178
357,2.8041094147932744
358,4.691218250383826
359,3.9959316191452317
360,7.623399603961708
361,8.965459772013443
362,2.761052903413517
363,11.399466401574896
364,4.295670263813196
365,11.75218474573193
366,3.805144491643774
367,6.359496751088431
368,4.628516668146331
369,19.862122325297364
370,11.141877906174825
371,11.397162506358072
372,3.6713052556017964
373,16.5273597992023
374,8.059299441625612
375,9.612851736957916
376,6.411151211436381
377,17.334876769318402
378,6.691986778616613
379,12.153371149109129
380,8.485033007778728
381,2.457769557757424
382,13.890375467914222
383,4.08773271834364
384,8.210297765836211
385,6.976998901990671
386,6.706513481929856
387,4.062867232166735
388,9.160814718483772
389,6.397049136112757
390,5.22557623810968
391,3.256757237760025
392,7.433571803312216
393,16.59843282733875
394,6.904579505252546
395,4.105859555169019
396,4.713250880429107
397,6.855866905313269
398,5.683416439734753
399,9.609030539267733
400,3.3088155105902066
401,10.618792638176771
402,4.466000582344615
403,13.374432228707986
404,4.98499508951173
405,8.531276546572755
406,5.677580635637827
407,3.5607326434781514
408,7.671582550456958
409,11.095229131612857
410,3.385859920278641
411,5.0844619074471025
412,6.101766921575285
413,11.188520559577315
414,6.350303872804981
415,6.239949707994253
416,4.112372711436761
417,8.202911655768622
418,11.018392749303374
419,15.836392015613498
420,9.535493602126893
421,5.219671301559969
422,5.630968183893282
423,3.22700869823576
424,3.698840228121818
425,9.231411160665049
426,3.6072608992086397
427,14.874407732407981
428,4.15071979964645
429,2.6521439644783755
430,5.5815148314907885
431,2.5538491518880417
432,3.474214089463276
433,3.6811105113805143
434,20.90951790213788
435,7.701747855536797
436,8.730602256018356
437,5.3853143411555955
438,7.294095232290962
439,6.410205181096951
440,7.518263764626145
441,12.299490168978183
442,6.295661201909911
443,8.743641067015002
444,4.276116930504767
445,6.686090113811482
446,8.356156662943226
447,5.127964798380892
448,10.119489440874926
449,10.589319408412583
450,2.65451544994897
451,5.624148380576453
452,14.252136438905309
453,17.39731684196781
454,6.798229390092884
455,2.921203913899935
456,11.703799981590578
457,4.896139741927137
458,7.796897920020355
459,5.630264967486307
460,3.70347516869878
461,5.456827575501348
462,7.602751758101855
463,4.761237364751052
464,5.696409243162703
465,10.715083536015781
466,3.4286105720592923
467,13.049118643049999
468,2.8467081582357157
469,6.113787776431784
470,12.628587412051347
471,7.4046223825135025
472,9.864978501630171
473,7.489921413086226
474,6.0931771162913035
475,8.516063502576516
476,7.900964426226296
477,7.8492930954270665
478,8.465017490909572
479,4.843958458855583
480,8.039163709365036
481,6.6545145184584475
482,4.433581328890723
483,6.546234205160435
484,2.4189772891540295
485,7.03041563974257
486,6.588448710499202
487,5.763997870898893
488,3.2393108369336456
489,3.5788563592539737
490,7.447151384001713
491,8.593969109844744
492,5.807682071242531
493,10.163268300504452
494,1.9799207323181245
495,9.796763177893194
496,11.088377416249047
497,10.016974176494779
498,4.400630023373385
499,3.385591944141666
500,5.467893178048125
501,8.307628003169171
502,3.0605071546225084
503,6.419782727279176
504,4.842912243693051
505,2.9776223492861633
506,7.383420166124864
507,9.336519555397956
508,3.712024912257589
509,5.480934464816396
510,3.291335675828159
511,9.613260379974928
512,3.008286093233299
513,2.699372337192817
514,8.942275681114344
515,6.246650072714703
516,18.491585026902438
517,8.649424923557923
518,16.672632917057175
519,5.792522632948236
520,7.872184671241651
521,4.318852611271
522,13.888236388594501
523,10.03752368341413
524,6.289801957070233
525,2.606236917306457
526,4.284042392335732
527,14.89925583233148
528,2.4850422173833633
529,3.4200278421727206
530,6.8155942205617315
531,15.502753017858115
532,10.316765212858838
533,10.858436528100778
534,7.58410365819072
535,10.863374200719678
536,5.554535549604575
537,4.838816775951648
538,3.5758541993906747
539,7.978760463626777
540,4.699473749254383
541,7.8052541480518025
542,9.195469491000992
543,6.277674626292383
544,4.031374207231002
545,5.442402029885371
546,6.048183175222399
547,10.512761082125463
548,5.541524100551468
549,3.8984951967520334
550,3.803231162257363
551,4.586786953870097
552,3.545245514621168
553,9.836342744723861
554,8.726428168738662
555,9.359186052174044
556,5.888240179631431
557,8.367056243179155
558,8.467618266293272
559,3.107757733510126
560,9.42219671742845
561,8.578498050539222
562,14.44240663475881
563,10.293849231944009
564,6.065416411516447
565,7.15480344537169
566,7.723387980851154
567,4.877288062901792
568,9.994806998457175
569,5.925841711319247
570,8.465017490909572
571,5.7418444121277386
572,11.506156461913077
573,10.4493183218692
574,7.973120655861476
575,6.555633197231238
576,7.334625493182131
577,10.829541866652535
578,11.485470066247386
579,6.9923516390834815
580,5.099567001217991
581,7.094689505300656
582,8.123978583188856
583,4.014941220726475
584,8.312967672641225
585,11.951819173225354
586,7.285107496482761
587,6.077411301852432
588,6.117825817524361
589,3.697730625977151
590,3.5892343909568853
591,9.702139052614488
592,6.591260922970949
593,3.3451211767240863
594,10.246091139475906
595,6.232468315755746
596,7.079631622372407
597,7.190052440133095
598,5.6286493434569485
599,9.182034144405167
600,4.7884635052147475
601,10.284638949289358
602,8.054087105920015
603,7.548304405239477
604,9.362715670846468
605,8.472720668200752
606,6.135938236754626
607,5.386559678449442
608,4.735301624163587
609,18.04899911427543
610,8.38660241702752
611,6.297089585066627
612,6.802024772626321
613,7.412609221865707
614,3.8444330768807995
615,4.382150782917976
616,4.3083718627809295
617,7.515385105198511
618,2.458165747432154
619,13.331573685833268
620,3.3965391443874124
621,3.4809597238472336
622,6.722309585256291
623,3.009567074066163
624,5.744469692696084
625,11.322948715450853
626,7.134463187079621
627,9.916108787076965
628,7.275874530746529
629,6.769393126520654
630,8.917156257202931
631,12.203086713170428
632,6.241145447527883
633,3.5050535524309354
634,3.789835802902949
635,7.383039838950692
636,3.7935529155206416
637,9.057168907692969
638,5.008958267184869
639,8.632095606173003
640,7.694745071088358
641,8.819834865114172
642,3.7416227155863813
643,16.104864854045037
644,6.277478506175794
645,4.5138195919307895
646,12.2164400814693
647,4.243709484911339
648,3.9518699724051447
649,6.500763495897919
650,5.557444159573869
651,5.567349647421196
652,3.3324065490736494
653,9.181474061009903
654,7.32677001252922
655,9.328535034956463
656,7.710112541493954
657,6.420070969994461
658,6.529328304634997
659,9.146423073107316
660,7.466608844553638
661,5.444188040672102
662,20.358011341663122
663,15.219120729837481
664,6.609289818377629
665,7.384159029919485
666,6.468367083250761
667,8.136110009480918
668,7.363863213397329
669,8.131905124270537
670,14.518396547862862
671,4.631103535718076
672,2.3166395253724383
673,6.582015271978276
674,2.4501015113908577
675,7.697991653783626
676,14.497555527791064
677,10.532122891666576
678,9.679420605225875
679,11.890503331473296
680,4.858361756349577
681,5.455790610646015
682,2.921203913899935
683,10.501835888409985
684,11.30902377514723
685,19.760029056360377
686,4.614567815051316
687,3.1551667496295073
688,3.157810003407392
689,10.476021963849655
690,13.497649483577133
691,6.152620666302564
692,3.7338650748286883
693,8.889561274028733
694,2.6990673539489616
695,6.4850147686313635
696,4.761237364751052
697,8.363057865450825
698,3.422534005264161
699,6.207819970496778
700,3.0549192361030086
701,6.168167990617782
702,1.673614263256219
703,14.437339688809415
704,6.686578043353414
705,3.264936753134345
706,4.750490823860487
707,8.279739766545266
708,6.719739375795313
709,5.547631397200178
710,12.463388488547466
711,10.177265115702816
712,11.138603096880829
713,4.52816549357681
714,14.803741287664794
715,6.586683707566813
716,7.2319794962582575
717,6.967035766392145
718,7.108609171898576
719,10.012662845780646
720,6.749710556162675
721,5.820894222957832
722,7.115809919024447
723,8.204051008152263
724,12.325561291612864
725,13.444055337464913
726,5.9191379589220485
727,6.454016402773963
728,11.323991447852281
729,11.891096964564301
730,7.09741461769657
731,6.516482201316957
732,3.411147980254922
733,6.412138679088931
734,4.451633592901736
735,10.006814667453568
736,21.734215879495874
737,3.2785811329972834
738,7.790731748316677
739,9.785077493136239
740,4.603907157647891
741,8.340398938474756
742,13.135459101552142
743,5.838995656952462
744,8.64645291253893
745,7.740213864450064
746,8.805860280703847
747,7.130052159230705
748,7.575304175267254
749,14.142306200116444
750,6.261274361242643
751,7.676069318496366
752,3.000148207624946
753,3.902407560251505
754,8.841243011667494
755,7.361718960455432
756,6.293315928586291
757,4.434537544253091
758,7.820370773104342
759,4.111441808945601
760,7.2802161894878346
761,2.334217214186465
762,3.4333636123481703
763,3.343062657253443
764,2.0910293345815867
765,8.647797720868468
766,4.6664135257273385
767,5.840835129094763
768,6.049231017282894
769,8.71933095147521
770,9.6619085389136
771,5.708195551434163
772,6.043707973621209
773,3.4999677911922262
774,9.996767276802077
775,6.16808775471033
776,17.44351502016651
777,6.767806794336583
778,3.215504364271084
779,6.161249725316969
780,7.36350260570051
781,16.20236283663107
782,8.028437396720463
783,4.045234820797414
784,3.405087459161672
785,5.905049158184861
786,16.604965878559767
787,7.613117582925133
788,9.062843883644238
789,7.941189175363631
790,11.432629185992356
791,6.171850452075474
792,6.541840229321161
793,3.1687075620723597
794,4.690363334132692
795,2.138259209672252
796,6.455135559429822
797,10.496360101212113
798,3.219522919586728
799,3.3294652213339897
800,10.255854937061214
801,10.83348577233739
802,4.041540239891841
803,4.1382409393777975
804,8.20283762511969
805,4.916442204487177
806,6.420771855368166
807,9.04079344604093
808,14.240934749529758
809,4.3473506390759304
810,4.083226020986815
811,10.972504504783872
812,10.877537500208827
813,8.4006256895041
814,2.946714442986057
815,2.7776316823469713
816,3.7385581535895858
817,5.687510585456325
818,7.940818575612953
819,5.736140459873334
820,5.220425648915409
821,9.49477055420043
822,9.389806011547648
823,7.4392657156841455
824,20.178874081903597
825,8.070203259848464
826,12.69460971109351
827,3.280930541717789
828,4.261806061048334
829,4.6978696647935045
830,11.600617160361429
831,10.123272922259487
832,8.69149732110429
833,8.60599613920763
834,11.31836306176886
835,5.781913197848803
836,5.385808518523058
837,3.772978936061136
838,3.1304821214551906
839,9.362426968330057
840,9.073817923337478
841,5.962010570999519
842,3.0579860830914174
843,5.058014459524007
844,2.919881486853487
845,7.049255898529517
846,9.40518431076273
847,5.014669630318038
848,6.095118380242316
849,7.923464516324352
850,5.912010858245582
851,7.154070750207607
852,4.521793377088692
853,9.614884668702919
854,20.2064550847211
855,10.380638549001809
856,18.04188880710059
857,5.408521394928571
858,6.936994485944612
859,11.274006640459458
860,4.772705023225601
861,4.8251766342065965
862,6.731586479620957
863,5.755306508204575
864,3.8621944240772503
865,3.803231162257363
866,8.841941875018842
867,4.2273131201893435
868,4.277857092136652
869,3.2947413921841338
870,9.357125803264724
871,3.0319303040605927
872,5.454507109305322
873,5.581514831490789
874,3.6607083095117257
875,5.660486806068344
876,7.02994722851768
877,4.804958634913194
878,4.56114913462678
879,3.601154315110141
880,4.824931158748626
881,3.659832329697517
882,5.374979352297109
883,12.04732024834861
884,4.259935545346303
885,1.6934485247177717
886,6.625891891170048
887,3.6007885732356395
888,7.527285767472208
889,5.112733826815579
890,6.280275758776295
891,3.424108319039096
892,5.873283915811539
893,9.71939188227681
894,5.385747094791197
895,18.276288373107306
896,5.928136841738027
897,3.933585473675267
898,4.625978343696381
899,8.802766324269733
900,4.6921214707760255
901,4.995632976498284
902,8.858307540699988
903,2.628796227494923
904,8.784544652942456
905,4.287669928146971
906,9.962952303493172
907,3.802547745991986
908,7.48220019687563
909,4.340980001699711
910,10.573308028484256
911,7.004596633579754
912,3.6143690753396696
913,9.497578652977422
914,4.259935545346303
915,5.5334243961076846
916,10.99145937709673
917,14.997066879343212
918,4.470288230415976
919,3.726974635618018
920,3.403620346038611
921,16.363063985516025
922,8.085414735667074
923,6.580316693376675
924,7.295238010680007
925,5.565359071459164
926,7.0656964147340995
927,6.649769424182555
928,3.5000951001085805
929,8.698431871894657
930,17.520173116522287
931,4.460165557425847
932,8.589539192199096
933,7.420906704033466
934,12.105379980033868
935,7.3693573007738715
936,5.871465394327318
937,4.515495222869033
938,4.991555844765643
939,6.723583354088141
940,11.332274260936131
941,3.095770269806883
942,6.799888779307575
943,7.18481454976977
944,5.022721884619018
945,5.885552599751424
946,3.287306386827587
947,3.231333528678452
948,6.405709652020758
949,3.0178466915619335
950,7.969389834213637
951,4.6632792996995445
952,5.122449711171342
953,7.945296353617355
954,4.631441524464558
955,3.5240661263747852
956,6.577821491733193
957,3.1355173314385625
958,7.568925437154261
959,9.815169409512016
960,5.576465228858396
961,5.1692673918414425
962,4.812399404438896
963,8.423591864962205
964,3.7562901383718486
965,6.956923170801937
966,4.341963519796781
967,3.754311151951523
968,7.225300990845157
969,10.169311497460635
970,3.522366340418502
971,5.838995656952462
972,18.863541131365306
973,8.20283762511969
974,8.196820761424021
975,3.5000490778944386
976,8.179334744104622
977,8.22272595706196
978,7.293862054312434
979,4.7231946080937295
980,5.581076366987339
981,6.4929992207843945
982,5.956501871687989
983,7.114083704132216
984,9.270114306166068
985,3.050467091374125
986,4.1997979508769765
987,5.803855624033878
988,5.558966975302941
989,6.829595123221864
990,3.287936779627883
991,2.8171763969845416
992,11.517041384685633
993,6.841472169773244
994,10.020887903013037
995,7.495520447848633
996,6.637788524527846
997,3.2303672000087067
998,13.108922944716937
999,5.589241319663551
1000,9.022114369553469
1001,2.7779139095192042
1002,3.631498488771008
1003,5.624148380576453
1004,4.676514797234301
1005,6.252945878581241
1006,3.3172693255104027
1007,3.4783299204988323
1008,11.03100733248112
1009,7.8173828532271195
1010,5.771311697521825
1011,8.609946774591654
1012,12.924818368892975
1013,7.223635198837279
1014,5.885802940073623
1015,11.64189145106654
1016,6.14305108843477
1017,6.199279224700851
1018,10.72998916320004
1019,10.380638549001809
1020,3.803231162257363
1021,5.682298514049257
1022,7.308574336709351
1023,7.29954510495534
1024,6.959185127773739
1025,3.971062016471395
1026,5.9567877126361175
1027,6.8372013149464
1028,4.207934870911634
1029,9.221454817533061
1030,6.015551684108427
1031,20.267196536160732
1032,7.36625725566859
1033,4.950266641677746
1034,12.800127175614595
1035,4.217391499585384
1036,6.7502125928647585
1037,11.491464773419455
1038,6.191645154067596
1039,6.4412056054343045
1040,8.001832736630666
1041,10.589740115090757
1042,5.656140740075134
1043,7.224577318001325
1044,8.456842727626816
1045,10.378364802368408
1046,10.383839783759008
1047,10.830827055303955
1048,18.694319568240008
1049,7.297293560798861
1050,5.047877082728409
1051,5.85208438175032
1052,6.261469224715581
1053,6.541840229321161
1054,4.017621287603035
1055,3.106119282477072
1056,7.7200252774634395
1057,8.698950403677989
1058,7.031808144622166
1059,5.9658071428159465
1060,9.90498008055016
1061,9.346153821322657
1062,2.8835375820051525
1063,6.703617266195527
1064,6.207377181771491
1065,2.756534863639933
1066,6.738934679946439
1067,3.2529464921278195
1068,4.983119685431668
1069,6.416148376485556
1070,4.666792046572066
1071,2.9857643819035924
1072,12.442964643213786
1073,6.938640886546237
1074,8.589318598326
1075,6.500969750857855
1076,10.006504678150039
1077,3.5226009353901087
1078,6.4436726885072195
1079,10.108789659179445
1080,4.8404721884823845
1081,3.1286342324529417
1082,9.815961973988163
1083,2.9277439614933383
1084,9.395586485917727
1085,6.2961378502554615
1086,8.493468939120095
1087,4.598764989741643
1088,5.087960551713991
1089,5.730340968168926
1090,8.010483197621781
1091,7.894735850593253
1092,4.160156640427092
1093,6.694600143011245
1094,7.453350656953853
1095,5.222386091143895
1096,8.06248124152053
1097,11.415633024463737
1098,7.061555804813654
1099,4.217982957261141
1100,12.118274084133468
1101,6.403560384884235
1102,6.269748137438097
1103,3.892787462992507
1104,7.195153145232942
1105,6.419757750727356
1106,9.269133901767265
1107,4.569802381188008
1108,7.388993556873323
1109,6.947212420238933
1110,9.670700888666731
1111,6.524954811160002
1112,5.810058200954427
1113,6.787968989186425
1114,7.777946114328739
1115,3.3522409608694277
1116,2.950241521481678
1117,10.345528745147186
1118,5.153332301069221
1119,10.040310368969594
1120,10.322579850484546
1121,2.579233195678232
1122,9.403668854590938
1123,7.636479569553099
1124,6.251935052999883
1125,8.039163709365036
1126,2.9755807039299422
1127,8.798319031154621
1128,3.4380179267925532
1129,5.838644183571556
1130,6.529870293256323
1131,11.538212172615763
1132,4.407024870312707
1133,5.4650436212555675
1134,14.842350383281508
1135,5.219159432179754
1136,4.145936484214159
1137,18.437150474833434
1138,9.834189079160202
1139,6.361104804614723
1140,4.036370422215662
1141,8.494876085519685
1142,7.400766548258665
1143,8.026475037647225
1144,3.2879935710138053
1145,6.769895207460875
1146,11.982118617703927
1147,8.904524992698901
1148,6.954350771356117
1149,11.342394226848032
1150,3.789835802902949
1151,6.990444996983674
1152,3.9699739549436064
1153,20.400492589199494
1154,10.533339328885775
1155,11.411353235164933
1156,6.714965482973501
1157,12.000396500701656
1158,20.614244026610848
1159,6.50546681116945
1160,6.8771190334347105
1161,5.78587591737532
1162,9.36636484223247
1163,7.2903047693760765
1164,7.50963295549591
1165,4.134740665122953
1166,14.734119792050892
1167,13.960961415861364
1168,3.888732247057534
1169,8.479496705984129
1170,17.39298840899809
1171,5.57883607601541
1172,7.107940371862016
1173,10.331758054753637
1174,13.02811723172959
1175,3.9403152828637182
1176,6.060109604776308
1177,10.656449150793069
1178,9.665980559164387
1179,3.4276850190171597
1180,4.5502422337843464
1181,7.5154700260502105
1182,19.92646941300166
1183,6.571968459433685
1184,8.88604513579431
1185,6.976065684934604
1186,6.237655111321925
1187,9.01760495872939
1188,4.9359125750043065
1189,3.932333848053458
1190,4.809142385411651
1191,19.84641356165214
1192,5.136918401615654
1193,9.892400160708089
1194,3.636273735745276
1195,6.632254384627661
1196,5.386582076148876
1197,6.448319631354773
1198,9.83062367088941
1199,20.90656155539339
1200,10.62954892636447
1201,8.465017490909572
1202,8.240513893257242
1203,5.365503506148266
1204,5.867553692614064
1205,6.189271701412465
1206,4.295358221340858
1207,6.868255149750517
1208,7.268240595494732
1209,3.122728137076947
1210,2.725609339577978
1211,16.702018965323656
1212,9.976953313860562
1213,6.9460118126549615
1214,8.743945377093826
1215,4.794267797847493
1216,10.131812197765798
1217,11.002950317354916
1218,5.480337152755904
1219,5.9858540002742044
1220,7.426141087100769
1221,4.107383657570918
1222,7.3829464878959
1223,4.248308608481796
1224,5.337885671085712
1225,7.149837185164919
1226,10.748052819993577
1227,3.1178488713646453
1228,4.436997760683806
1229,8.088791574374156
1230,6.840842620588672
1231,5.173547669944744
1232,6.023298724424268
1233,2.0316329922411507
1234,7.812523103730813
1235,18.60467583183533
1236,5.198539560726017
1237,7.815264996153395
1238,4.8826270082358985
1239,2.8149806407876943
1240,7.64176668468774
1241,4.579890828961349
1242,4.800270154004322
1243,10.624356863869618
1244,6.634120588171275
1245,3.9061811947624188
1246,5.52263039837871
1247,8.770412183085545
1248,9.573000685919341
1249,18.257752025334536
1250,12.483252597237566
1251,6.252945878581241
1252,2.821657225950503
1253,3.4645822012340592
1254,8.81333052365443
1255,6.519580328529312
1256,3.6937965557515473
1257,6.980716488108842
1258,7.05111824580801
1259,10.163770333660366
1260,4.756075321057491
1261,2.8982992811066306
1262,8.090406479514018
1263,4.116234771098702
1264,13.040245731417587
1265,11.02317609583342
1266,3.892787462992507
1267,8.425528437781413
1268,11.112404235745483
1269,8.667421786351813
1270,7.040215787979916
1271,2.8935835285005544
1272,4.022507360024483
1273,3.586260488796996
1274,6.945922247717622
1275,3.8370714567194075
1276,3.2838243247545256
1277,11.227387214872788
1278,8.20283762511969
1279,6.981215737853136
1280,8.741766121055274
1281,6.8141089386054725
1282,8.087215648596558
1283,3.5389373997899884
1284,9.316681326208627
1285,3.6220064468945408
1286,8.010795155092211
1287,5.235242638489866
1288,7.278385411070044
1289,4.739296924385961
1290,11.650322897200448
1291,3.7559985426045968
1292,6.5842426244336005
1293,3.51968570732769
1294,5.57521087894085
1295,7.119099086893573
1296,5.206068777849649
1297,8.632956820760244
1298,5.996857281532621
1299,5.415840320205882
1300,4.363612894689803
1301,7.617383914354719
1302,7.774963202544879
1303,7.957815538498773
1304,2.688000181532449
1305,17.311914358212853
1306,5.138687241706942
1307,8.630559567966179
1308,5.760060299039087
1309,3.3791778331449747
1310,9.912730327839757
1311,8.046109520401705
1312,6.118548499161889
1313,2.374484576289168
1314,8.139267106954692
1315,3.263735155097708
1316,7.064147659879224
1317,7.949795445525085
1318,3.2779867603752866
1319,7.084402389945264
1320,9.332212291393041
1321,3.2410544411037585
1322,8.8144922253048
1323,9.044683667480976
1324,4.034265525945517
1325,4.866844670198368
1326,5.512869329342332
1327,4.426216516642689
1328,10.3146400291634
1329,10.361652249513499
1330,4.376245583195578
1331,6.392054142710241
1332,7.213038484861683
1333,6.315597296751088
1334,7.368495856134092
1335,3.403620346038611
1336,8.365159953443516
1337,5.609779798516978
1338,11.736241188064534
1339,7.208576180184866
1340,4.118259092930348
1341,6.238514549336249
1342,5.4230078164401005
1343,6.954146595266813
1344,6.416591905982705
1345,8.565077263209414
1346,6.848410801022474
1347,3.7475537258451226
1348,3.365711220694735
1349,5.5215675302754645
1350,4.512393632031592
1351,13.122250258773494
1352,2.8171763969845416
1353,3.4131763591445607
1354,6.18455908190192
1355,7.613631864483584
1356,20.552885366447715
1357,8.916967413485972
1358,10.8540778603952
1359,6.448579052672898
1360,4.911886737782535
1361,8.686709402112719
1362,10.353288605190807
1363,5.53171903980125
1364,6.565486103595749
1365,4.946918387474865
1366,13.137340711913872
1367,3.2879309385769697
1368,7.370633327788561
1369,19.306171069677845
1370,7.582737255311046
1371,3.6909699273031453
1372,4.088735827213917
1373,3.706125469691814
1374,7.043702500979943
1375,1.0576460147145703
